Mario Kart Wii,Racing / Driving,82,29.95,Nintendo Wii,T
Grand Theft Auto IV,Action/Racing / Driving,98,24.95,X360,E
Super Smash Bros.: Brawl,Action,93,39.95,Nintendo Wii,T
Call of Duty: World at War,Action,84,29.95,X360,E
Grand Theft Auto IV,Action/Racing / Driving,98,24.95,PlayStation 3,E
Gears of War 2,Action,93,24.95,X360,E
Pokmon: Platinum Version,Adventure/Role-Playing (RPG),83,27.95,Nintendo DS,T
Metal Gear Solid 4: Guns of the Patriots,Action,94,22.95,PlayStation 3,T
Fable II,Role-Playing (RPG),89,17.95,X360,E
Call of Duty: World at War,Action,85,29.95,PlayStation 3,T
Guitar Hero: World Tour,Action/Simulation,86,17.95,Nintendo Wii,T
LittleBigPlanet,Action,95,24.95,PlayStation 3,T
Fallout 3,Action/Role-Playing (RPG),93,17.95,X360,T
LEGO Indiana Jones: The Original Adventures,Action,77,9.95,X360,M
Left 4 Dead,Action,89,19.95,X360,M
Madden NFL 09,Sports,83,14.95,X360,T
Guitar Hero: On Tour,Action/Simulation,71,14.95,Nintendo DS,M
Kung Fu Panda,Action,75,9.95,X360,E
Rock Band 2,Action/Simulation,92,19.95,X360,E
Sega Superstars Tennis,Sports,67,9.95,X360,E
Guitar Hero: World Tour,Action/Simulation,85,16.95,X360,T
Animal Crossing: City Folk,Simulation,73,29.95,Nintendo Wii,T
Mario & Sonic at the Olympic Games,Action/Sports,70,24.95,Nintendo DS,T
Madden NFL 09,Sports,85,14.95,PlayStation 3,E
LEGO Batman: The Videogame,Action,76,14.95,X360,T
Tom Clancy's Rainbow Six: Vegas 2,Action,82,16.95,X360,M
Kirby Super Star Ultra,Action,76,24.95,Nintendo DS,M
Star Wars: The Force Unleashed,Action,73,16.95,X360,T
God of War: Chains of Olympus,Action,91,17.95,Sony PSP,T
Fallout 3,Action/Role-Playing (RPG),90,17.95,PlayStation 3,M
Pure,Racing / Driving/Sports,85,12.95,X360,T
LEGO Indiana Jones: The Original Adventures,Action,78,16.95,Nintendo Wii,E
Rock Band,Action/Simulation,92,17.95,Nintendo Wii,T
LEGO Batman: The Videogame,Action/Racing / Driving,72,17.95,Nintendo DS,T
Saints Row 2,Action/Racing / Driving,81,17.95,X360,E
LEGO Batman: The Videogame,Action,74,17.95,Nintendo Wii,E
Call of Duty: World at War,Action,83,29.95,Nintendo Wii,M
Midnight Club: Los Angeles,Racing / Driving,81,22.95,X360,E
Mortal Kombat vs. DC Universe,Action,76,24.95,PlayStation 3,E
Army of Two,Action,72,16.95,X360,T
Resistance 2,Action,87,24.95,PlayStation 3,E
Rock Band 2,Action/Simulation,91,24.95,PlayStation 3,E
Midnight Club: Los Angeles,Racing / Driving,82,22.95,PlayStation 3,M
Sonic Unleashed,Action,66,17.95,Nintendo Wii,E
NBA 2K9 ,Sports,84,12.95,X360,E
Guitar Hero: World Tour,Action/Simulation,84,17.95,PlayStation 3,E
Guitar Hero: Aerosmith,Action/Simulation,73,14.95,Nintendo Wii,E
Star Wars: The Force Unleashed,Action,71,14.95,Nintendo Wii,E
Burnout Paradise,Action/Racing / Driving,87,17.95,PlayStation 3,T
Pokmon Ranger: Shadows of Almia,Action/Role-Playing (RPG),68,24.95,Nintendo DS,T
Mortal Kombat vs. DC Universe,Action,72,24.95,X360,M
Dead Space,Action,88,17.95,PlayStation 3,M
Shaun White Snowboarding: Road Trip,Sports,78,14.95,Nintendo Wii,E
Star Wars: The Force Unleashed,Action,71,17.95,PlayStation 3,E
Guitar Hero: Aerosmith,Action/Simulation,70,9.95,X360,E
SOCOM: U.S. Navy SEALs - Confrontation,Action,63,16.95,PlayStation 3,E
SoulCalibur IV,Action,85,19.95,X360,E
Battlefield: Bad Company,Action,83,16.95,X360,E
Saints Row 2,Action/Racing / Driving,82,17.95,PlayStation 3,M
Guitar Hero: On Tour - Decades,Action/Simulation,72,17.95,Nintendo DS,T
Devil May Cry 4,Action,84,17.95,X360,T
Mystery Case Files: MillionHeir,Adventure,65,17.95,Nintendo DS,T
Battlefield: Bad Company,Action,84,17.95,PlayStation 3,T
Army of Two,Action,74,16.95,PlayStation 3,T
Rayman Raving Rabbids TV Party,Action/Racing / Driving/Sports/Strategy,73,17.95,Nintendo Wii,T
The House of the Dead 2 & 3 Return,Action,66,17.95,Nintendo Wii,M
Far Cry 2,Action,85,19.95,X360,T
Boom Blox,Action/Strategy,85,24.95,Nintendo Wii,T
Spore Creatures,Adventure/Simulation,65,14.95,Nintendo DS,T
Madden NFL 09,Sports,68,14.95,Sony PSP,T
NCAA Football 09,Sports,83,14.95,X360,T
MLB 08: The Show,Sports,85,12.95,PlayStation 3,E
Tom Clancy's Rainbow Six: Vegas 2,Action,81,24.95,PlayStation 3,E
Mercenaries 2: World in Flames,Action,72,14.95,X360,E
Need for Speed: Undercover,Racing / Driving,64,17.95,X360,E
Guitar Hero: Aerosmith,Action/Simulation,70,14.95,PlayStation 3,M
SoulCalibur IV,Action,85,22.95,PlayStation 3,E
Valkyria Chronicles,Action/Role-Playing (RPG)/Strategy,86,24.95,PlayStation 3,T
Harvest Moon: Tree of Tranquility,Role-Playing (RPG)/Simulation,65,34.95,Nintendo Wii,M
Star Wars: The Clone Wars - Jedi Alliance,Action/Adventure,68,17.95,Nintendo DS,T
Need for Speed: Undercover,Racing / Driving,59,17.95,PlayStation 3,E
Wario Land: Shake It!,Action,78,19.95,Nintendo Wii,T
NBA 2K9,Sports,82,14.95,PlayStation 3,E
Major League Baseball 2K9,Sports,64,14.95,X360,E
NCAA Football 09,Sports,81,14.95,PlayStation 3,E
Kung Fu Panda,Action,71,17.95,Nintendo DS,E
Devil May Cry 4,Action,84,19.95,PlayStation 3,T
Tom Clancy's EndWar,Strategy,77,16.95,X360,E
LEGO Batman: The Videogame,Action,73,17.95,Sony PSP,M
BioShock,Action,94,17.95,PlayStation 3,E
Bully: Scholarship Edition,Action/Adventure,80,17.95,X360,T
Prince of Persia,Action,81,16.95,X360,T
Kung Fu Panda,Action,70,16.95,Nintendo Wii,E
Sonic Chronicles: The Dark Brotherhood,Action/Role-Playing (RPG),74,17.95,Nintendo DS,E
Chrono Trigger,Role-Playing (RPG),92,17.95,Nintendo DS,T
Tomb Raider: Underworld,Action,76,17.95,X360,E
skate it,Action/Sports,70,39.95,Nintendo Wii,T
The Legendary Starfy,Action/Adventure,75,24.95,Nintendo DS,E
Mirror's Edge,Action,79,14.95,X360,T
Haze,Action,55,12.95,PlayStation 3,T
Dissidia: Final Fantasy,Action/Role-Playing (RPG),79,17.95,Sony PSP,T
Sid Meier's Civilization: Revolution,Strategy,84,24.95,X360,T
Wall-E,Action,51,17.95,Nintendo Wii,E
Prince of Persia,Action,85,17.95,PlayStation 3,T
NHL 09 ,Sports,88,14.95,X360,E
Brothers in Arms: Hell's Highway,Action,76,17.95,X360,E
Shaun White Snowboarding,Sports,60,14.95,X360,T
Turok,Action,69,14.95,X360,E
Iron Man,Action,44,16.95,Sony PSP,E
De Blob,Action,82,16.95,Nintendo Wii,M
Sonic Riders: Zero Gravity,Racing / Driving,56,16.95,Nintendo Wii,T
Rhythm Heaven,Action,83,24.95,Nintendo DS,T
Tomb Raider: Underworld,Action,75,17.95,PlayStation 3,T
Advance Wars: Days of Ruin,Strategy,86,17.95,Nintendo DS,E
LEGO Batman: The Videogame,Action,75,17.95,PlayStation 3,E
Far Cry 2,Action,85,19.95,PlayStation 3,T
Harvest Moon: Island of Happiness,Simulation/Strategy,65,24.95,Nintendo DS,E
Brothers in Arms: Hell's Highway,Action,76,19.95,PlayStation 3,T
Sonic Unleashed,Action/Adventure,54,17.95,PlayStation 3,T
Pinball Hall of Fame: The Williams Collection,Simulation,82,17.95,Nintendo Wii,T
Sonic Unleashed,Action/Adventure,60,17.95,X360,E
Samba de Amigo,Action,68,12.95,Nintendo Wii,T
?kami,Action,90,17.95,Nintendo Wii,M
LEGO Indiana Jones: The Original Adventures,Action,77,17.95,PlayStation 3,E
MotorStorm: Pacific Rift,Action/Racing / Driving/Sports,82,29.95,PlayStation 3,T
Tiger Woods PGA Tour 09,Sports,84,19.95,X360,E
SimCity Creator,Simulation,67,24.95,Nintendo Wii,E
Tiger Woods PGA Tour 09,Sports,82,19.95,PlayStation 3,E
Sid Meier's Civilization: Revolution,Simulation/Strategy,80,17.95,Nintendo DS,M
Pure,Racing / Driving/Sports,83,17.95,PlayStation 3,M
Turok,Action,67,16.95,PlayStation 3,M
Crash: Mind over Mutant,Action,70,17.95,Nintendo Wii,E
Spider-Man: Web of Shadows,Action,68,19.95,X360,E
Frontlines: Fuel of War,Action,75,14.95,X360,M
GRID,Racing / Driving/Simulation/Sports,87,19.95,X360,E
Too Human,Action/Role-Playing (RPG),65,14.95,X360,T
Speed Racer: The Videogame,Racing / Driving,69,16.95,Nintendo Wii,M
LEGO Indiana Jones: The Original Adventures,Action,76,17.95,Sony PSP,E
SEGA Bass Fishing,Sports,59,17.95,Nintendo Wii,E
The Chronicles of Narnia: Prince Caspian,Action/Role-Playing (RPG),63,16.95,Nintendo Wii,M
Iron Man,Action,56,14.95,Nintendo DS,M
The Sims 2: Apartment Pets,Simulation,50,17.95,Nintendo DS,M
MLB 08: The Show,Sports,83,14.95,Sony PSP,M
Iron Man,Action,42,17.95,PlayStation 3,T
Madagascar: Escape 2 Africa,Action/Adventure,55,17.95,Nintendo DS,T
GRID,Racing / Driving/Simulation/Sports,87,24.95,PlayStation 3,T
NHL 09,Sports,88,19.95,PlayStation 3,M
Banjo-Kazooie: Nuts & Bolts,Action/Adventure/Racing / Driving/Sports,79,17.95,X360,E
Hot Shots Golf: Out of Bounds,Sports,81,34.95,PlayStation 3,T
Rune Factory 2: A Fantasy Harvest Moon,Action/Role-Playing (RPG)/Simulation,79,17.95,Nintendo DS,T
SimCity Creator,Simulation,69,17.95,Nintendo DS,M
Patapon,Action/Strategy,86,17.95,Sony PSP,T
Shaun White Snowboarding,Sports,63,15.95,PlayStation 3,T
Iron Man,Action,44,17.95,Nintendo Wii,T
Sega Superstars Tennis,Sports,65,14.95,Nintendo DS,T
Lost Planet: Extreme Condition,Action,67,16.95,PlayStation 3,T
Mirror's Edge,Action,79,14.95,PlayStation 3,T
The Incredible Hulk,Action,46,16.95,Nintendo Wii,T
Condemned 2: Bloodshot,Action/Adventure,80,14.95,X360,T
Sega Superstars Tennis,Sports,71,12.95,Nintendo Wii,E
Speed Racer: The Videogame,Racing / Driving,75,17.95,Nintendo DS,M
Viva Pi$?ata: Pocket Paradise,Simulation/Strategy,82,17.95,Nintendo DS,T
Tom Clancy's EndWar,Strategy,76,17.95,PlayStation 3,M
Iron Man,Action,45,17.95,X360,M
Need for Speed: Undercover,Racing / Driving,54,27.95,Nintendo Wii,E
Wall-E,Action,50,14.95,X360,E
Spectrobes: Beyond the Portals,Action/Role-Playing (RPG),70,11.95,Nintendo DS,M
MX vs. ATV Untamed,Educational,59,16.95,Sony PSP,T
Mercenaries 2: World in Flames,Action,72,15.95,PlayStation 3,E
Infinite Undiscovery,Action/Role-Playing (RPG),68,17.95,X360,T
TNA iMPACT!,Sports,62,14.95,X360,M
Enemy Territory: Quake Wars,Action,69,14.95,X360,T
Fire Emblem: Shadow Dragon,Role-Playing (RPG)/Strategy,81,19.95,Nintendo DS,M
Neopets Puzzle Adventure,Adventure/Role-Playing (RPG)/Strategy,70,17.95,Nintendo DS,T
Tales of Vesperia,Adventure/Role-Playing (RPG),79,27.95,X360,M
SingStar ABBA,Action,70,17.95,PlayStation 3,T
Dragon Ball Z: Burst Limit,Action,72,17.95,X360,E
Apollo Justice: Ace Attorney,Adventure/Simulation,78,24.95,Nintendo DS,T
Castlevania: Order of Ecclesia,Action/Adventure/Role-Playing (RPG),85,24.95,Nintendo DS,T
Mega Man Star Force 2: Zerker X Ninja,Action/Role-Playing (RPG),55,17.95,Nintendo DS,T
Enemy Territory: Quake Wars,Action,60,16.95,PlayStation 3,T
Namco Museum: Virtual Arcade,Action/Racing / Driving,63,17.95,X360,T
NASCAR 09,Racing / Driving/Sports,69,19.95,X360,T
Turning Point: Fall of Liberty,Action,43,7.95,X360,M
Summer Athletics 2009,Sports,56,19.95,Nintendo Wii,M
Unreal Tournament III,Action,82,14.95,X360,M
Shaun White Snowboarding,Racing / Driving/Sports,63,16.95,Nintendo DS,T
Dark Sector,Action,72,14.95,PlayStation 3,T
The Last Remnant,Role-Playing (RPG),66,14.95,X360,T
Dragon Ball Z: Burst Limit,Action,71,19.95,PlayStation 3,M
NASCAR 09,Racing / Driving/Sports,65,22.95,PlayStation 3,E
Turning Point: Fall of Liberty,Action,42,7.95,PlayStation 3,T
MX vs. ATV Untamed,Racing / Driving,70,24.95,Nintendo Wii,E
Crash: Mind over Mutant,Action,60,24.95,X360,M
The Incredible Hulk,Action,55,17.95,X360,E
Silent Hill: Homecoming,Action,70,17.95,X360,T
TNA iMPACT!,Sports,64,12.95,PlayStation 3,M
The Incredible Hulk,Action,55,16.95,PlayStation 3,T
Kung Fu Panda,Action,76,19.95,PlayStation 3,M
Dark Sector,Action,72,13.95,X360,M
Tales of Symphonia: Dawn of the New World,Role-Playing (RPG),68,24.95,Nintendo Wii,T
Valkyrie Profile: Covenant of the Plume,Role-Playing (RPG)/Strategy,74,24.95,Nintendo DS,M
Spider-Man: Web of Shadows,Action,67,24.95,PlayStation 3,E
TV Show King,Strategy,65,17.95,Nintendo Wii,T
AC/DC Live: Rock Band - Track Pack,Action/Simulation,63,14.95,X360,M
The Chronicles of Narnia: Prince Caspian,Role-Playing (RPG),54,10.95,Nintendo DS,M
Hot Shots Golf: Open Tee 2,Sports,82,14.95,Sony PSP,E
AC/DC Live: Rock Band - Track Pack,Action/Simulation,60,14.95,PlayStation 3,E
Harvest Moon: Magical Melody,Role-Playing (RPG)/Simulation,69,23.95,Nintendo Wii,T
Dynasty Warriors 6,Action/Strategy,59,24.95,PlayStation 3,M
Order Up!,Action/Simulation,76,17.95,Nintendo Wii,T
NBA Ballers: Chosen One,Sports,55,9.95,X360,T
Age of Empires: Mythologies,Strategy,78,17.95,Nintendo DS,T
LocoRoco 2,Action/Strategy,85,11.95,Sony PSP,M
Star Ocean: First Departure,Action/Role-Playing (RPG),74,17.95,Sony PSP,T
Lost: Via Domus,Action/Adventure,54,16.95,PlayStation 3,T
Tetris Party,Strategy,75,24.95,Nintendo Wii,T
Bully: Scholarship Edition,Action/Adventure,83,17.95,Nintendo Wii,E
The Spiderwick Chronicles,Action/Adventure,62,16.95,Nintendo Wii,M
Dynasty Warriors 6,Action/Strategy,60,24.95,X360,M
Facebreaker,Sports,54,12.95,X360,M
Ninja Gaiden: Dragon Sword,Action,83,12.95,Nintendo DS,E
Condemned 2: Bloodshot,Action/Adventure,82,14.95,PlayStation 3,T
Silent Hill: Homecoming,Action,71,17.95,PlayStation 3,E
Command & Conquer: Red Alert 3,Strategy,77,14.95,X360,T
Viking: Battle for Asgard,Action,68,14.95,X360,M
Beijing 2008,Sports,60,14.95,X360,T
Don King Presents: Prizefighter,Sports,56,14.95,X360,M
Bomberman,Action/Strategy,73,12.95,Sony PSP,M
Ferrari Challenge Trofeo Pirelli,Racing / Driving,71,17.95,PlayStation 3,E
Command & Conquer 3: Kane's Wrath,Strategy,75,17.95,X360,M
Lost: Via Domus,Action/Adventure,55,17.95,X360,M
NHL 2K9 ,Sports,69,14.95,X360,T
Eternal Sonata,Role-Playing (RPG),80,24.95,PlayStation 3,M
Viva Pi$?ata: Trouble in Paradise,Racing / Driving/Simulation/Strategy,82,17.95,X360,T
FlatOut: Head On,Racing / Driving/Sports,74,9.95,Sony PSP,E
Viking: Battle for Asgard,Action,65,16.95,PlayStation 3,M
Neopets Puzzle Adventure,Role-Playing (RPG)/Strategy,52,14.95,Nintendo Wii,E
TNA iMPACT!,Sports,43,14.95,Nintendo Wii,E
Tomb Raider: Underworld,Action,70,17.95,Nintendo Wii,T
The Club,Action,76,14.95,X360,T
The Chronicles of Narnia: Prince Caspian,Action/Role-Playing (RPG),56,14.95,X360,M
Cabela's Dangerous Hunts 2009,Sports,42,19.95,X360,M
Dark Messiah of Might and Magic: Elements,Action/Role-Playing (RPG),52,17.95,X360,T
Fracture,Action,63,14.95,X360,T
Bomberman Land,Action,57,19.95,Nintendo Wii,T
Nitrobike,Action/Racing / Driving/Sports,49,14.95,Nintendo Wii,E
Culdcept Saga,Strategy,75,17.95,X360,T
Facebreaker,Sports,53,14.95,PlayStation 3,E
MLB Power Pros 2008,Sports,83,22.95,Nintendo Wii,E
Mushroom Men: The Spore Wars,Action,72,17.95,Nintendo Wii,E
Dragon Quest V: Hand of the Heavenly Bride,Role-Playing (RPG),84,29.95,Nintendo DS,T
Ninjatown,Strategy,80,19.95,Nintendo DS,T
Super Dodgeball Brawlers,Action/Sports,65,19.95,Nintendo DS,T
Dokapon Kingdom,Role-Playing (RPG)/Strategy,72,17.95,Nintendo Wii,M
Alone in the Dark,Action/Adventure/Racing / Driving,58,14.95,X360,M
NBA 09: The Inside,Sports,63,14.95,PlayStation 3,M
Sega Superstars Tennis,Sports,67,16.95,PlayStation 3,M
Baja: Edge of Control,Racing / Driving/Simulation/Sports,65,16.95,X360,T
Destroy All Humans! Big Willy Unleashed,Adventure,53,17.95,Nintendo Wii,T
Space Invaders Extreme,Action,85,16.95,Nintendo DS,T
Ultimate Band,Action/Simulation,69,14.95,Nintendo DS,E
The Club,Action,72,14.95,PlayStation 3,M
Madagascar: Escape 2 Africa,Action,58,24.95,PlayStation 3,M
NBA Ballers: Chosen One,Sports,54,14.95,PlayStation 3,M
Dream Pinball 3D,Simulation,54,16.95,Nintendo Wii,M
Madagascar: Escape 2 Africa,Action,62,19.95,X360,T
Pro Evolution Soccer 2008,Sports,83,17.95,Nintendo Wii,T
Avalon Code,Action/Adventure/Role-Playing (RPG),71,27.95,Nintendo DS,M
Disgaea DS,Role-Playing (RPG)/Strategy,82,24.95,Nintendo DS,M
Guitar Rock Tour,Simulation,60,13.95,Nintendo DS,T
Lost in Blue 3,Role-Playing (RPG),59,17.95,Nintendo DS,M
Syberia,Adventure,52,23.95,Nintendo DS,T
Afrika,Adventure/Simulation,63,47.95,PlayStation 3,T
NFL Head Coach 09,Simulation/Sports/Strategy,64,14.95,PlayStation 3,T
NHL 2K9,Sports,70,14.95,PlayStation 3,T
Brothers in Arms: Double Time,Action/Strategy,45,17.95,Nintendo Wii,E
ObsCure: The Aftermath,Action,53,16.95,Nintendo Wii,T
MotoGP 08,Racing / Driving/Simulation/Sports,68,16.95,X360,T
NFL Head Coach 09,Simulation/Sports/Strategy,67,12.95,X360,E
NFL Tour,Action/Sports,49,12.95,X360,M
Pinball Hall of Fame: The Williams Collection,Simulation,78,17.95,Sony PSP,T
Baja: Edge of Control,Racing / Driving/Simulation/Sports,61,17.95,PlayStation 3,M
NFL Tour,Action/Sports,45,14.95,PlayStation 3,E
Wall-E,Action,51,17.95,PlayStation 3,M
Ninja Reflex,Action,49,14.95,Nintendo Wii,E
Conflict: Denied Ops,Action,52,12.95,X360,T
Top Spin 3,Sports,78,19.95,X360,T
Blitz: The League II,Action/Sports,62,14.95,PlayStation 3,M
Hellboy: The Science of Evil,Action/Adventure,47,16.95,PlayStation 3,T
Castlevania Judgment,Action,49,17.95,Nintendo Wii,T
Death Jr. II: Root of Evil,Action,71,17.95,Nintendo Wii,E
Raiden IV,Action,63,32.95,X360,T
Metal Slug 7,Action,70,17.95,Nintendo DS,M
Spider-Man: Web of Shadows,Action,77,15.95,Nintendo DS,E
Trauma Center: Under The Knife 2,Action/Simulation,79,19.95,Nintendo DS,T
Fracture,Action,62,14.95,PlayStation 3,M
Alone in the Dark,Action/Adventure/Racing / Driving,39,14.95,Nintendo Wii,T
Final Fantasy Fables: Chocobo's Dungeon,Action/Role-Playing (RPG),76,17.95,Nintendo Wii,M
The King of Fighters Collection: The Orochi Saga,Action,70,17.95,Nintendo Wii,E
Klonoa: Door to Phantomile,Action,77,17.95,Nintendo Wii,T
Samurai Warriors: Katana,Action,53,17.95,Nintendo Wii,E
Battle of the Bands,Action/Simulation,58,14.95,Nintendo Wii,T
Hellboy: The Science of Evil,Action/Adventure,44,14.95,X360,M
Dragon Ball: Origins,Action/Adventure,78,15.95,Nintendo DS,M
Ninja Reflex,Action,54,12.95,Nintendo DS,T
Space Bust-A-Move,Strategy,71,17.95,Nintendo DS,M
Top Spin 3,Sports,75,24.95,PlayStation 3,M
UEFA Euro 2008,Sports,79,17.95,PlayStation 3,T
FIFA Street 3,Sports,63,14.95,X360,T
Blitz: The League II,Action/Sports,68,12.95,X360,M
Space Chimps,Action/Adventure,57,14.95,X360,T
The Spiderwick Chronicles,Action/Adventure,59,14.95,X360,E
Etrian Odyssey II: Heroes of Lagaard,Role-Playing (RPG),82,24.95,Nintendo DS,T
Line Rider 2: Unbound,Simulation/Sports,59,8.95,Nintendo DS,M
The King of Fighters Collection: The Orochi Saga,Action,61,17.95,Sony PSP,E
Target: Terror,Action,33,17.95,Nintendo Wii,M
Legendary,Action,47,17.95,X360,T
Universe at War: Earth Assault,Action/Strategy,66,14.95,X360,T
Smash Court Tennis 3,Simulation/Sports,55,14.95,X360,E
Code Lyoko: Fall of X.A.N.A,Action/Role-Playing (RPG),51,14.95,Nintendo DS,M
Knights in the Nightmare,Role-Playing (RPG)/Strategy,76,29.95,Nintendo DS,M
Lock's Quest,Action/Adventure/Strategy,80,14.95,Nintendo DS,E
Master of the Monster Lair,Role-Playing (RPG),63,14.95,Nintendo DS,M
N+,Action,82,14.95,Nintendo DS,M
Pipe Mania,Strategy,71,14.95,Nintendo DS,T
The Spiderwick Chronicles,Role-Playing (RPG),60,12.95,Nintendo DS,E
Summon Night: Twin Age,Role-Playing (RPG),73,24.95,Nintendo DS,E
Wild Arms XF,Role-Playing (RPG),64,17.95,Sony PSP,M
FIFA Street 3,Sports,63,17.95,PlayStation 3,T
MotoGP 08,Racing / Driving/Simulation/Sports,65,17.95,PlayStation 3,T
Harvey Birdman: Attorney at Law,Adventure,60,14.95,Nintendo Wii,M
Let's Tap,Simulation,70,17.95,Nintendo Wii,E
NHL 2K9,Sports,65,14.95,Nintendo Wii,T
Conflict: Denied Ops,Action,51,17.95,PlayStation 3,E
Worms: A Space Oddity,Action/Strategy,64,17.95,Nintendo Wii,M
UEFA Euro 2008,Sports,80,14.95,X360,M
Overlord: Raising Hell,Action/Strategy,72,17.95,PlayStation 3,T
Battle Fantasia,Action/Role-Playing (RPG),71,22.95,X360,M
Bangai-O Spirits,Action,83,14.95,Nintendo DS,M
Dungeon Explorer: Warriors of Ancient Arts,Action/Role-Playing (RPG),60,17.95,Nintendo DS,M
From the Abyss,Action/Role-Playing (RPG),60,19.95,Nintendo DS,T
New International Track & Field,Action/Sports,73,14.95,Nintendo DS,M
Soul Bubbles,Strategy,78,14.95,Nintendo DS,T
Tropix!,Action,59,23.95,Nintendo DS,M
Unsolved Crimes,Action/Adventure/Racing / Driving,66,17.95,Nintendo DS,T
Zubo,Adventure/Role-Playing (RPG)/Strategy,75,14.95,Nintendo DS,E
Ford Racing Off Road,Racing / Driving,47,12.95,Sony PSP,M
Harvey Birdman: Attorney at Law,Adventure,62,14.95,Sony PSP,M
Secret Agent Clank,Action,72,23.95,Sony PSP,M
Space Invaders Extreme,Action,84,16.95,Sony PSP,M
Armored Core: For Answer,Action,62,29.95,PlayStation 3,M
Legendary,Action,50,19.95,PlayStation 3,E
Agatha Christie: Evil Under the Sun,Adventure,46,17.95,Nintendo Wii,M
Agatha Christie: And Then There Were None,Adventure,50,17.95,Nintendo Wii,M
Armored Core: For Answer,Action,64,24.95,X360,T
Cradle of Rome,Strategy,63,17.95,Nintendo DS,E
The Dark Spire,Adventure/Role-Playing (RPG),69,24.95,Nintendo DS,T
Insecticide,Action/Adventure,55,12.95,Nintendo DS,T
Izuna 2: The Unemployed Ninja Returns,Role-Playing (RPG),65,17.95,Nintendo DS,E
Looney Tunes: Cartoon Conductor,Action,67,13.95,Nintendo DS,M
Nanostray 2,Action,75,12.95,Nintendo DS,M
Hellboy: The Science of Evil,Action,42,14.95,Sony PSP,E
Pipe Mania,Strategy,74,12.95,Sony PSP,T
UEFA Euro 2008,Sports,68,19.95,Sony PSP,E
Vampire Rain,Action,30,24.95,PlayStation 3,E
Baroque,Action/Role-Playing (RPG),50,19.95,Nintendo Wii,T
Supreme Commander,Strategy,56,17.95,X360,T
Hail to the Chimp,Action/Strategy,52,16.95,X360,M
Assassin's Creed: Altar's Chronicles,Action,58,11.95,Nintendo DS,T
The Legend of Kage 2,Action,70,14.95,Nintendo DS,E
Rhapsody: A Musical Adventure,Role-Playing (RPG),67,12.95,Nintendo DS,M
Secret Files: Tunguska,Adventure,71,17.95,Nintendo DS,M
Fading Shadows,Action/Adventure,62,17.95,Sony PSP,E
Hail to the Chimp,Action/Strategy,51,15.95,PlayStation 3,M
Secret Files: Tunguska,Adventure,64,17.95,Nintendo Wii,M
Chicken Hunter,Action,39,17.95,Nintendo DS,T
